0,600,100
0.1,600,100
0.2,600,100.4
0.3,597.6,101.203
0.4,586.815,102.388
0.5,558.782,103.811
0.6,505.549,105.031
0.7,429.244,105.171
0.8,351.557,103.087
0.9,308.141,98.1906
1,333.231,91.4086
1.1,476.377,85.311
1.2,861.24,84.4243
1.3,1666.11,99.063
1.4,1767.58,159.132
1.5,-5548.92,272.092
1.6,66070.4,-715.425
1.7,4.3761e+06,-30738.3
1.8,1.14752e+10,-9.14897e+07
1.9,9.44881e+16,-7.55904e+14
2,6.78527e+30,-5.42821e+28
2.1,3.68319e+58,-2.94655e+56
2.2,1.13953e+114,-9.11626e+111
2.3,1.14271e+225,-9.14169e+222
2.4,inf,-inf
2.5,inf,-nan
2.6,-nan,-nan
2.7,-nan,-nan
2.8,-nan,-nan
2.9,-nan,-nan
3,-nan,-nan
3.1,-nan,-nan
3.2,-nan,-nan
3.3,-nan,-nan
3.4,-nan,-nan
3.5,-nan,-nan
3.6,-nan,-nan
3.7,-nan,-nan
3.8,-nan,-nan
3.9,-nan,-nan
4,-nan,-nan
4.1,-nan,-nan
4.2,-nan,-nan
4.3,-nan,-nan
4.4,-nan,-nan
4.5,-nan,-nan
4.6,-nan,-nan
4.7,-nan,-nan
4.8,-nan,-nan
4.9,-nan,-nan
5,-nan,-nan
5.1,-nan,-nan
5.2,-nan,-nan
5.3,-nan,-nan
5.4,-nan,-nan
5.5,-nan,-nan
5.6,-nan,-nan
5.7,-nan,-nan
5.8,-nan,-nan
5.9,-nan,-nan
6,-nan,-nan
6.1,-nan,-nan
6.2,-nan,-nan
6.3,-nan,-nan
6.4,-nan,-nan
6.5,-nan,-nan
6.6,-nan,-nan
6.7,-nan,-nan
6.8,-nan,-nan
6.9,-nan,-nan
7,-nan,-nan
7.1,-nan,-nan
7.2,-nan,-nan
7.3,-nan,-nan
7.4,-nan,-nan
7.5,-nan,-nan
7.6,-nan,-nan
7.7,-nan,-nan
7.8,-nan,-nan
7.9,-nan,-nan
8,-nan,-nan
8.1,-nan,-nan
8.2,-nan,-nan
8.3,-nan,-nan
8.4,-nan,-nan
8.5,-nan,-nan
8.6,-nan,-nan
8.7,-nan,-nan
8.8,-nan,-nan
8.9,-nan,-nan
9,-nan,-nan
9.1,-nan,-nan
9.2,-nan,-nan
9.3,-nan,-nan
9.4,-nan,-nan
9.5,-nan,-nan
9.6,-nan,-nan
9.7,-nan,-nan
9.8,-nan,-nan
9.9,-nan,-nan
10,-nan,-nan
10.1,-nan,-nan
10.2,-nan,-nan
10.3,-nan,-nan
10.4,-nan,-nan
10.5,-nan,-nan
10.6,-nan,-nan
10.7,-nan,-nan
10.8,-nan,-nan
10.9,-nan,-nan
11,-nan,-nan
11.1,-nan,-nan
11.2,-nan,-nan
11.3,-nan,-nan
11.4,-nan,-nan
11.5,-nan,-nan
11.6,-nan,-nan
11.7,-nan,-nan
11.8,-nan,-nan
11.9,-nan,-nan
12,-nan,-nan
12.1,-nan,-nan
12.2,-nan,-nan
12.3,-nan,-nan
12.4,-nan,-nan
12.5,-nan,-nan
12.6,-nan,-nan
12.7,-nan,-nan
12.8,-nan,-nan
12.9,-nan,-nan
13,-nan,-nan
13.1,-nan,-nan
13.2,-nan,-nan
13.3,-nan,-nan
13.4,-nan,-nan
13.5,-nan,-nan
13.6,-nan,-nan
13.7,-nan,-nan
13.8,-nan,-nan
13.9,-nan,-nan
14,-nan,-nan
14.1,-nan,-nan
14.2,-nan,-nan
14.3,-nan,-nan
14.4,-nan,-nan
14.5,-nan,-nan
14.6,-nan,-nan
14.7,-nan,-nan
14.8,-nan,-nan
14.9,-nan,-nan
15,-nan,-nan
15.1,-nan,-nan
15.2,-nan,-nan
15.3,-nan,-nan
15.4,-nan,-nan
15.5,-nan,-nan
15.6,-nan,-nan
15.7,-nan,-nan
15.8,-nan,-nan
15.9,-nan,-nan
16,-nan,-nan
16.1,-nan,-nan
16.2,-nan,-nan
16.3,-nan,-nan
16.4,-nan,-nan
16.5,-nan,-nan
16.6,-nan,-nan
16.7,-nan,-nan
16.8,-nan,-nan
16.9,-nan,-nan
17,-nan,-nan
17.1,-nan,-nan
17.2,-nan,-nan
17.3,-nan,-nan
17.4,-nan,-nan
17.5,-nan,-nan
17.6,-nan,-nan
17.7,-nan,-nan
17.8,-nan,-nan
17.9,-nan,-nan
18,-nan,-nan
18.1,-nan,-nan
18.2,-nan,-nan
18.3,-nan,-nan
18.4,-nan,-nan
18.5,-nan,-nan
18.6,-nan,-nan
18.7,-nan,-nan
18.8,-nan,-nan
18.9,-nan,-nan
19,-nan,-nan
19.1,-nan,-nan
19.2,-nan,-nan
19.3,-nan,-nan
19.4,-nan,-nan
19.5,-nan,-nan
19.6,-nan,-nan
19.7,-nan,-nan
19.8,-nan,-nan
19.9,-nan,-nan
20,-nan,-nan
20.1,-nan,-nan
20.2,-nan,-nan
20.3,-nan,-nan
20.4,-nan,-nan
20.5,-nan,-nan
20.6,-nan,-nan
20.7,-nan,-nan
20.8,-nan,-nan
20.9,-nan,-nan
21,-nan,-nan
21.1,-nan,-nan
21.2,-nan,-nan
21.3,-nan,-nan
21.4,-nan,-nan
21.5,-nan,-nan
21.6,-nan,-nan
21.7,-nan,-nan
21.8,-nan,-nan
21.9,-nan,-nan
22,-nan,-nan
22.1,-nan,-nan
22.2,-nan,-nan
22.3,-nan,-nan
22.4,-nan,-nan
22.5,-nan,-nan
22.6,-nan,-nan
22.7,-nan,-nan
22.8,-nan,-nan
22.9,-nan,-nan
23,-nan,-nan
23.1,-nan,-nan
23.2,-nan,-nan
23.3,-nan,-nan
23.4,-nan,-nan
23.5,-nan,-nan
23.6,-nan,-nan
23.7,-nan,-nan
23.8,-nan,-nan
23.9,-nan,-nan
24,-nan,-nan
24.1,-nan,-nan
24.2,-nan,-nan
24.3,-nan,-nan
24.4,-nan,-nan
24.5,-nan,-nan
24.6,-nan,-nan
24.7,-nan,-nan
24.8,-nan,-nan
24.9,-nan,-nan
25,-nan,-nan
25.1,-nan,-nan
25.2,-nan,-nan
25.3,-nan,-nan
25.4,-nan,-nan
25.5,-nan,-nan
25.6,-nan,-nan
25.7,-nan,-nan
25.8,-nan,-nan
25.9,-nan,-nan
26,-nan,-nan
26.1,-nan,-nan
26.2,-nan,-nan
26.3,-nan,-nan
26.4,-nan,-nan
26.5,-nan,-nan
26.6,-nan,-nan
26.7,-nan,-nan
26.8,-nan,-nan
26.9,-nan,-nan
27,-nan,-nan
27.1,-nan,-nan
27.2,-nan,-nan
27.3,-nan,-nan
27.4,-nan,-nan
27.5,-nan,-nan
27.6,-nan,-nan
27.7,-nan,-nan
27.8,-nan,-nan
27.9,-nan,-nan
28,-nan,-nan
28.1,-nan,-nan
28.2,-nan,-nan
28.3,-nan,-nan
28.4,-nan,-nan
28.5,-nan,-nan
28.6,-nan,-nan
28.7,-nan,-nan
28.8,-nan,-nan
28.9,-nan,-nan
29,-nan,-nan
29.1,-nan,-nan
29.2,-nan,-nan
29.3,-nan,-nan
29.4,-nan,-nan
29.5,-nan,-nan
29.6,-nan,-nan
29.7,-nan,-nan
29.8,-nan,-nan
29.9,-nan,-nan
30,-nan,-nan
30.1,-nan,-nan
30.2,-nan,-nan
30.3,-nan,-nan
30.4,-nan,-nan
30.5,-nan,-nan
30.6,-nan,-nan
30.7,-nan,-nan
30.8,-nan,-nan
30.9,-nan,-nan
31,-nan,-nan
31.1,-nan,-nan
31.2,-nan,-nan
31.3,-nan,-nan
31.4,-nan,-nan
31.5,-nan,-nan
31.6,-nan,-nan
31.7,-nan,-nan
31.8,-nan,-nan
31.9,-nan,-nan
32,-nan,-nan
32.1,-nan,-nan
32.2,-nan,-nan
32.3,-nan,-nan
32.4,-nan,-nan
32.5,-nan,-nan
32.6,-nan,-nan
32.7,-nan,-nan
32.8,-nan,-nan
32.9,-nan,-nan
33,-nan,-nan
33.1,-nan,-nan
33.2,-nan,-nan
33.3,-nan,-nan
33.4,-nan,-nan
33.5,-nan,-nan
33.6,-nan,-nan
33.7,-nan,-nan
33.8,-nan,-nan
33.9,-nan,-nan
34,-nan,-nan
34.1,-nan,-nan
34.2,-nan,-nan
34.3,-nan,-nan
34.4,-nan,-nan
34.5,-nan,-nan
34.6,-nan,-nan
34.7,-nan,-nan
34.8,-nan,-nan
34.9,-nan,-nan
35,-nan,-nan
35.1,-nan,-nan
35.2,-nan,-nan
35.3,-nan,-nan
35.4,-nan,-nan
35.5,-nan,-nan
35.6,-nan,-nan
35.7,-nan,-nan
35.8,-nan,-nan
35.9,-nan,-nan
36,-nan,-nan
36.1,-nan,-nan
36.2,-nan,-nan
36.3,-nan,-nan
36.4,-nan,-nan
36.5,-nan,-nan
36.6,-nan,-nan
36.7,-nan,-nan
36.8,-nan,-nan
36.9,-nan,-nan
37,-nan,-nan
37.1,-nan,-nan
37.2,-nan,-nan
37.3,-nan,-nan
37.4,-nan,-nan
37.5,-nan,-nan
37.6,-nan,-nan
37.7,-nan,-nan
37.8,-nan,-nan
37.9,-nan,-nan
38,-nan,-nan
38.1,-nan,-nan
38.2,-nan,-nan
38.3,-nan,-nan
38.4,-nan,-nan
38.5,-nan,-nan
38.6,-nan,-nan
38.7,-nan,-nan
38.8,-nan,-nan
38.9,-nan,-nan
39,-nan,-nan
39.1,-nan,-nan
39.2,-nan,-nan
39.3,-nan,-nan
39.4,-nan,-nan
39.5,-nan,-nan
39.6,-nan,-nan
39.7,-nan,-nan
39.8,-nan,-nan
39.9,-nan,-nan
40,-nan,-nan
40.1,-nan,-nan
40.2,-nan,-nan
40.3,-nan,-nan
40.4,-nan,-nan
40.5,-nan,-nan
40.6,-nan,-nan
40.7,-nan,-nan
40.8,-nan,-nan
40.9,-nan,-nan
41,-nan,-nan
41.1,-nan,-nan
41.2,-nan,-nan
41.3,-nan,-nan
41.4,-nan,-nan
41.5,-nan,-nan
41.6,-nan,-nan
41.7,-nan,-nan
41.8,-nan,-nan
41.9,-nan,-nan
42,-nan,-nan
42.1,-nan,-nan
42.2,-nan,-nan
42.3,-nan,-nan
42.4,-nan,-nan
42.5,-nan,-nan
42.6,-nan,-nan
42.7,-nan,-nan
42.8,-nan,-nan
42.9,-nan,-nan
43,-nan,-nan
43.1,-nan,-nan
43.2,-nan,-nan
43.3,-nan,-nan
43.4,-nan,-nan
43.5,-nan,-nan
43.6,-nan,-nan
43.7,-nan,-nan
43.8,-nan,-nan
43.9,-nan,-nan
44,-nan,-nan
44.1,-nan,-nan
44.2,-nan,-nan
44.3,-nan,-nan
44.4,-nan,-nan
44.5,-nan,-nan
44.6,-nan,-nan
44.7,-nan,-nan
44.8,-nan,-nan
44.9,-nan,-nan
45,-nan,-nan
45.1,-nan,-nan
45.2,-nan,-nan
45.3,-nan,-nan
45.4,-nan,-nan
45.5,-nan,-nan
45.6,-nan,-nan
45.7,-nan,-nan
45.8,-nan,-nan
45.9,-nan,-nan
46,-nan,-nan
46.1,-nan,-nan
46.2,-nan,-nan
46.3,-nan,-nan
46.4,-nan,-nan
46.5,-nan,-nan
46.6,-nan,-nan
46.7,-nan,-nan
46.8,-nan,-nan
46.9,-nan,-nan
47,-nan,-nan
47.1,-nan,-nan
47.2,-nan,-nan
47.3,-nan,-nan
47.4,-nan,-nan
47.5,-nan,-nan
47.6,-nan,-nan
47.7,-nan,-nan
47.8,-nan,-nan
47.9,-nan,-nan
48,-nan,-nan
48.1,-nan,-nan
48.2,-nan,-nan
48.3,-nan,-nan
48.4,-nan,-nan
48.5,-nan,-nan
48.6,-nan,-nan
48.7,-nan,-nan
48.8,-nan,-nan
48.9,-nan,-nan
49,-nan,-nan
49.1,-nan,-nan
49.2,-nan,-nan
49.3,-nan,-nan
49.4,-nan,-nan
49.5,-nan,-nan
49.6,-nan,-nan
49.7,-nan,-nan
49.8,-nan,-nan
49.9,-nan,-nan
50,-nan,-nan
50.1,-nan,-nan
50.2,-nan,-nan
50.3,-nan,-nan
50.4,-nan,-nan
50.5,-nan,-nan
50.6,-nan,-nan
50.7,-nan,-nan
50.8,-nan,-nan
50.9,-nan,-nan
51,-nan,-nan
51.1,-nan,-nan
51.2,-nan,-nan
51.3,-nan,-nan
51.4,-nan,-nan
51.5,-nan,-nan
51.6,-nan,-nan
51.7,-nan,-nan
51.8,-nan,-nan
51.9,-nan,-nan
52,-nan,-nan
52.1,-nan,-nan
52.2,-nan,-nan
52.3,-nan,-nan
52.4,-nan,-nan
52.5,-nan,-nan
52.6,-nan,-nan
52.7,-nan,-nan
52.8,-nan,-nan
52.9,-nan,-nan
53,-nan,-nan
53.1,-nan,-nan
53.2,-nan,-nan
53.3,-nan,-nan
53.4,-nan,-nan
53.5,-nan,-nan
53.6,-nan,-nan
53.7,-nan,-nan
53.8,-nan,-nan
53.9,-nan,-nan
54,-nan,-nan
54.1,-nan,-nan
54.2,-nan,-nan
54.3,-nan,-nan
54.4,-nan,-nan
54.5,-nan,-nan
54.6,-nan,-nan
54.7,-nan,-nan
54.8,-nan,-nan
54.9,-nan,-nan
55,-nan,-nan
55.1,-nan,-nan
55.2,-nan,-nan
55.3,-nan,-nan
55.4,-nan,-nan
55.5,-nan,-nan
55.6,-nan,-nan
55.7,-nan,-nan
55.8,-nan,-nan
55.9,-nan,-nan
56,-nan,-nan
56.1,-nan,-nan
56.2,-nan,-nan
56.3,-nan,-nan
56.4,-nan,-nan
56.5,-nan,-nan
56.6,-nan,-nan
56.7,-nan,-nan
56.8,-nan,-nan
56.9,-nan,-nan
57,-nan,-nan
57.1,-nan,-nan
57.2,-nan,-nan
57.3,-nan,-nan
57.4,-nan,-nan
57.5,-nan,-nan
57.6,-nan,-nan
57.7,-nan,-nan
57.8,-nan,-nan
57.9,-nan,-nan
58,-nan,-nan
58.1,-nan,-nan
58.2,-nan,-nan
58.3,-nan,-nan
58.4,-nan,-nan
58.5,-nan,-nan
58.6,-nan,-nan
58.7,-nan,-nan
58.8,-nan,-nan
58.9,-nan,-nan
59,-nan,-nan
59.1,-nan,-nan
59.2,-nan,-nan
59.3,-nan,-nan
59.4,-nan,-nan
59.5,-nan,-nan
59.6,-nan,-nan
59.7,-nan,-nan
59.8,-nan,-nan
59.9,-nan,-nan
60,-nan,-nan
60.1,-nan,-nan
60.2,-nan,-nan
60.3,-nan,-nan
60.4,-nan,-nan
60.5,-nan,-nan
60.6,-nan,-nan
60.7,-nan,-nan
60.8,-nan,-nan
60.9,-nan,-nan
61,-nan,-nan
61.1,-nan,-nan
61.2,-nan,-nan
61.3,-nan,-nan
61.4,-nan,-nan
61.5,-nan,-nan
61.6,-nan,-nan
61.7,-nan,-nan
61.8,-nan,-nan
61.9,-nan,-nan
62,-nan,-nan
62.1,-nan,-nan
62.2,-nan,-nan
62.3,-nan,-nan
62.4,-nan,-nan
62.5,-nan,-nan
62.6,-nan,-nan
62.7,-nan,-nan
62.8,-nan,-nan
62.9,-nan,-nan
63,-nan,-nan
63.1,-nan,-nan
63.2,-nan,-nan
63.3,-nan,-nan
63.4,-nan,-nan
63.5,-nan,-nan
63.6,-nan,-nan
63.7,-nan,-nan
63.8,-nan,-nan
63.9,-nan,-nan
64,-nan,-nan
64.1,-nan,-nan
64.2,-nan,-nan
64.3,-nan,-nan
64.4,-nan,-nan
64.5,-nan,-nan
64.6,-nan,-nan
64.7,-nan,-nan
64.8,-nan,-nan
64.9,-nan,-nan
65,-nan,-nan
65.1,-nan,-nan
65.2,-nan,-nan
65.3,-nan,-nan
65.4,-nan,-nan
65.5,-nan,-nan
65.6,-nan,-nan
65.7,-nan,-nan
65.8,-nan,-nan
65.9,-nan,-nan
66,-nan,-nan
66.1,-nan,-nan
66.2,-nan,-nan
66.3,-nan,-nan
66.4,-nan,-nan
66.5,-nan,-nan
66.6,-nan,-nan
66.7,-nan,-nan
66.8,-nan,-nan
66.9,-nan,-nan
67,-nan,-nan
67.1,-nan,-nan
67.2,-nan,-nan
67.3,-nan,-nan
67.4,-nan,-nan
67.5,-nan,-nan
67.6,-nan,-nan
67.7,-nan,-nan
67.8,-nan,-nan
67.9,-nan,-nan
68,-nan,-nan
68.1,-nan,-nan
68.2,-nan,-nan
68.3,-nan,-nan
68.4,-nan,-nan
68.5,-nan,-nan
68.6,-nan,-nan
68.7,-nan,-nan
68.8,-nan,-nan
68.9,-nan,-nan
69,-nan,-nan
69.1,-nan,-nan
69.2,-nan,-nan
69.3,-nan,-nan
69.4,-nan,-nan
69.5,-nan,-nan
69.6,-nan,-nan
69.7,-nan,-nan
69.8,-nan,-nan
69.9,-nan,-nan
70,-nan,-nan
70.1,-nan,-nan
70.2,-nan,-nan
70.3,-nan,-nan
70.4,-nan,-nan
70.5,-nan,-nan
70.6,-nan,-nan
70.7,-nan,-nan
70.8,-nan,-nan
70.9,-nan,-nan
71,-nan,-nan
71.1,-nan,-nan
71.2,-nan,-nan
71.3,-nan,-nan
71.4,-nan,-nan
71.5,-nan,-nan
71.6,-nan,-nan
71.7,-nan,-nan
71.8,-nan,-nan
71.9,-nan,-nan
72,-nan,-nan
72.1,-nan,-nan
72.2,-nan,-nan
72.3,-nan,-nan
72.4,-nan,-nan
72.5,-nan,-nan
72.6,-nan,-nan
72.7,-nan,-nan
72.8,-nan,-nan
72.9,-nan,-nan
73,-nan,-nan
73.1,-nan,-nan
73.2,-nan,-nan
73.3,-nan,-nan
73.4,-nan,-nan
73.5,-nan,-nan
73.6,-nan,-nan
73.7,-nan,-nan
73.8,-nan,-nan
73.9,-nan,-nan
74,-nan,-nan
74.1,-nan,-nan
74.2,-nan,-nan
74.3,-nan,-nan
74.4,-nan,-nan
74.5,-nan,-nan
74.6,-nan,-nan
74.7,-nan,-nan
74.8,-nan,-nan
74.9,-nan,-nan
75,-nan,-nan
75.1,-nan,-nan
75.2,-nan,-nan
75.3,-nan,-nan
75.4,-nan,-nan
75.5,-nan,-nan
75.6,-nan,-nan
75.7,-nan,-nan
75.8,-nan,-nan
75.9,-nan,-nan
76,-nan,-nan
76.1,-nan,-nan
76.2,-nan,-nan
76.3,-nan,-nan
76.4,-nan,-nan
76.5,-nan,-nan
76.6,-nan,-nan
76.7,-nan,-nan
76.8,-nan,-nan
76.9,-nan,-nan
77,-nan,-nan
77.1,-nan,-nan
77.2,-nan,-nan
77.3,-nan,-nan
77.4,-nan,-nan
77.5,-nan,-nan
77.6,-nan,-nan
77.7,-nan,-nan
77.8,-nan,-nan
77.9,-nan,-nan
78,-nan,-nan
78.1,-nan,-nan
78.2,-nan,-nan
78.3,-nan,-nan
78.4,-nan,-nan
78.5,-nan,-nan
78.6,-nan,-nan
78.7,-nan,-nan
78.8,-nan,-nan
78.9,-nan,-nan
79,-nan,-nan
79.1,-nan,-nan
79.2,-nan,-nan
79.3,-nan,-nan
79.4,-nan,-nan
79.5,-nan,-nan
79.6,-nan,-nan
79.7,-nan,-nan
79.8,-nan,-nan
79.9,-nan,-nan
80,-nan,-nan
80.1,-nan,-nan
80.2,-nan,-nan
80.3,-nan,-nan
80.4,-nan,-nan
80.5,-nan,-nan
80.6,-nan,-nan
80.7,-nan,-nan
80.8,-nan,-nan
80.9,-nan,-nan
81,-nan,-nan
81.1,-nan,-nan
81.2,-nan,-nan
81.3,-nan,-nan
81.4,-nan,-nan
81.5,-nan,-nan
81.6,-nan,-nan
81.7,-nan,-nan
81.8,-nan,-nan
81.9,-nan,-nan
82,-nan,-nan
82.1,-nan,-nan
82.2,-nan,-nan
82.3,-nan,-nan
82.4,-nan,-nan
82.5,-nan,-nan
82.6,-nan,-nan
82.7,-nan,-nan
82.8,-nan,-nan
82.9,-nan,-nan
83,-nan,-nan
83.1,-nan,-nan
83.2,-nan,-nan
83.3,-nan,-nan
83.4,-nan,-nan
83.5,-nan,-nan
83.6,-nan,-nan
83.7,-nan,-nan
83.8,-nan,-nan
83.9,-nan,-nan
84,-nan,-nan
84.1,-nan,-nan
84.2,-nan,-nan
84.3,-nan,-nan
84.4,-nan,-nan
84.5,-nan,-nan
84.6,-nan,-nan
84.7,-nan,-nan
84.8,-nan,-nan
84.9,-nan,-nan
85,-nan,-nan
85.1,-nan,-nan
85.2,-nan,-nan
85.3,-nan,-nan
85.4,-nan,-nan
85.5,-nan,-nan
85.6,-nan,-nan
85.7,-nan,-nan
85.8,-nan,-nan
85.9,-nan,-nan
86,-nan,-nan
86.1,-nan,-nan
86.2,-nan,-nan
86.3,-nan,-nan
86.4,-nan,-nan
86.5,-nan,-nan
86.6,-nan,-nan
86.7,-nan,-nan
86.8,-nan,-nan
86.9,-nan,-nan
87,-nan,-nan
87.1,-nan,-nan
87.2,-nan,-nan
87.3,-nan,-nan
87.4,-nan,-nan
87.5,-nan,-nan
87.6,-nan,-nan
87.7,-nan,-nan
87.8,-nan,-nan
87.9,-nan,-nan
88,-nan,-nan
88.1,-nan,-nan
88.2,-nan,-nan
88.3,-nan,-nan
88.4,-nan,-nan
88.5,-nan,-nan
88.6,-nan,-nan
88.7,-nan,-nan
88.8,-nan,-nan
88.9,-nan,-nan
89,-nan,-nan
89.1,-nan,-nan
89.2,-nan,-nan
89.3,-nan,-nan
89.4,-nan,-nan
89.5,-nan,-nan
89.6,-nan,-nan
89.7,-nan,-nan
89.8,-nan,-nan
89.9,-nan,-nan
90,-nan,-nan
90.1,-nan,-nan
90.2,-nan,-nan
90.3,-nan,-nan
90.4,-nan,-nan
90.5,-nan,-nan
90.6,-nan,-nan
90.7,-nan,-nan
90.8,-nan,-nan
90.9,-nan,-nan
91,-nan,-nan
91.1,-nan,-nan
91.2,-nan,-nan
91.3,-nan,-nan
91.4,-nan,-nan
91.5,-nan,-nan
91.6,-nan,-nan
91.7,-nan,-nan
91.8,-nan,-nan
91.9,-nan,-nan
92,-nan,-nan
92.1,-nan,-nan
92.2,-nan,-nan
92.3,-nan,-nan
92.4,-nan,-nan
92.5,-nan,-nan
92.6,-nan,-nan
92.7,-nan,-nan
92.8,-nan,-nan
92.9,-nan,-nan
93,-nan,-nan
93.1,-nan,-nan
93.2,-nan,-nan
93.3,-nan,-nan
93.4,-nan,-nan
93.5,-nan,-nan
93.6,-nan,-nan
93.7,-nan,-nan
93.8,-nan,-nan
93.9,-nan,-nan
94,-nan,-nan
94.1,-nan,-nan
94.2,-nan,-nan
94.3,-nan,-nan
94.4,-nan,-nan
94.5,-nan,-nan
94.6,-nan,-nan
94.7,-nan,-nan
94.8,-nan,-nan
94.9,-nan,-nan
95,-nan,-nan
95.1,-nan,-nan
95.2,-nan,-nan
95.3,-nan,-nan
95.4,-nan,-nan
95.5,-nan,-nan
95.6,-nan,-nan
95.7,-nan,-nan
95.8,-nan,-nan
95.9,-nan,-nan
96,-nan,-nan
96.1,-nan,-nan
96.2,-nan,-nan
96.3,-nan,-nan
96.4,-nan,-nan
96.5,-nan,-nan
96.6,-nan,-nan
96.7,-nan,-nan
96.8,-nan,-nan
96.9,-nan,-nan
97,-nan,-nan
97.1,-nan,-nan
97.2,-nan,-nan
97.3,-nan,-nan
97.4,-nan,-nan
97.5,-nan,-nan
97.6,-nan,-nan
97.7,-nan,-nan
97.8,-nan,-nan
97.9,-nan,-nan
98,-nan,-nan
98.1,-nan,-nan
98.2,-nan,-nan
98.3,-nan,-nan
98.4,-nan,-nan
98.5,-nan,-nan
98.6,-nan,-nan
98.7,-nan,-nan
98.8,-nan,-nan
98.9,-nan,-nan
99,-nan,-nan
99.1,-nan,-nan
99.2,-nan,-nan
99.3,-nan,-nan
99.4,-nan,-nan
99.5,-nan,-nan
99.6,-nan,-nan
99.7,-nan,-nan
99.8,-nan,-nan
99.9,-nan,-nan
100,-nan,-nan
100.1,-nan,-nan
100.2,-nan,-nan
100.3,-nan,-nan
100.4,-nan,-nan
100.5,-nan,-nan
100.6,-nan,-nan
100.7,-nan,-nan
100.8,-nan,-nan
100.9,-nan,-nan
101,-nan,-nan
101.1,-nan,-nan
101.2,-nan,-nan
101.3,-nan,-nan
101.4,-nan,-nan
101.5,-nan,-nan
101.6,-nan,-nan
101.7,-nan,-nan
101.8,-nan,-nan
101.9,-nan,-nan
102,-nan,-nan
102.1,-nan,-nan
102.2,-nan,-nan
102.3,-nan,-nan
102.4,-nan,-nan
102.5,-nan,-nan
102.6,-nan,-nan
102.7,-nan,-nan
102.8,-nan,-nan
102.9,-nan,-nan
103,-nan,-nan
103.1,-nan,-nan
103.2,-nan,-nan
103.3,-nan,-nan
103.4,-nan,-nan
103.5,-nan,-nan
103.6,-nan,-nan
103.7,-nan,-nan
103.8,-nan,-nan
103.9,-nan,-nan
104,-nan,-nan
104.1,-nan,-nan
104.2,-nan,-nan
104.3,-nan,-nan
104.4,-nan,-nan
104.5,-nan,-nan
104.6,-nan,-nan
104.7,-nan,-nan
104.8,-nan,-nan
104.9,-nan,-nan
105,-nan,-nan
105.1,-nan,-nan
105.2,-nan,-nan
105.3,-nan,-nan
105.4,-nan,-nan
105.5,-nan,-nan
105.6,-nan,-nan
105.7,-nan,-nan
105.8,-nan,-nan
105.9,-nan,-nan
106,-nan,-nan
106.1,-nan,-nan
106.2,-nan,-nan
106.3,-nan,-nan
106.4,-nan,-nan
106.5,-nan,-nan
106.6,-nan,-nan
106.7,-nan,-nan
106.8,-nan,-nan
106.9,-nan,-nan
107,-nan,-nan
107.1,-nan,-nan
107.2,-nan,-nan
107.3,-nan,-nan
107.4,-nan,-nan
107.5,-nan,-nan
107.6,-nan,-nan
107.7,-nan,-nan
107.8,-nan,-nan
107.9,-nan,-nan
108,-nan,-nan
108.1,-nan,-nan
108.2,-nan,-nan
108.3,-nan,-nan
108.4,-nan,-nan
108.5,-nan,-nan
108.6,-nan,-nan
108.7,-nan,-nan
108.8,-nan,-nan
108.9,-nan,-nan
109,-nan,-nan
109.1,-nan,-nan
109.2,-nan,-nan
109.3,-nan,-nan
109.4,-nan,-nan
109.5,-nan,-nan
109.6,-nan,-nan
109.7,-nan,-nan
109.8,-nan,-nan
109.9,-nan,-nan
110,-nan,-nan
110.1,-nan,-nan
110.2,-nan,-nan
110.3,-nan,-nan
110.4,-nan,-nan
110.5,-nan,-nan
110.6,-nan,-nan
110.7,-nan,-nan
110.8,-nan,-nan
110.9,-nan,-nan
111,-nan,-nan
111.1,-nan,-nan
111.2,-nan,-nan
111.3,-nan,-nan
111.4,-nan,-nan
111.5,-nan,-nan
111.6,-nan,-nan
111.7,-nan,-nan
111.8,-nan,-nan
111.9,-nan,-nan
112,-nan,-nan
112.1,-nan,-nan
112.2,-nan,-nan
112.3,-nan,-nan
112.4,-nan,-nan
112.5,-nan,-nan
112.6,-nan,-nan
112.7,-nan,-nan
112.8,-nan,-nan
112.9,-nan,-nan
113,-nan,-nan
113.1,-nan,-nan
113.2,-nan,-nan
113.3,-nan,-nan
113.4,-nan,-nan
113.5,-nan,-nan
113.6,-nan,-nan
113.7,-nan,-nan
113.8,-nan,-nan
113.9,-nan,-nan
114,-nan,-nan
114.1,-nan,-nan
114.2,-nan,-nan
114.3,-nan,-nan
114.4,-nan,-nan
114.5,-nan,-nan
114.6,-nan,-nan
114.7,-nan,-nan
114.8,-nan,-nan
114.9,-nan,-nan
115,-nan,-nan
115.1,-nan,-nan
115.2,-nan,-nan
115.3,-nan,-nan
115.4,-nan,-nan
115.5,-nan,-nan
115.6,-nan,-nan
115.7,-nan,-nan
115.8,-nan,-nan
115.9,-nan,-nan
116,-nan,-nan
116.1,-nan,-nan
116.2,-nan,-nan
116.3,-nan,-nan
116.4,-nan,-nan
116.5,-nan,-nan
116.6,-nan,-nan
116.7,-nan,-nan
116.8,-nan,-nan
116.9,-nan,-nan
117,-nan,-nan
117.1,-nan,-nan
117.2,-nan,-nan
117.3,-nan,-nan
117.4,-nan,-nan
117.5,-nan,-nan
117.6,-nan,-nan
117.7,-nan,-nan
117.8,-nan,-nan
117.9,-nan,-nan
118,-nan,-nan
118.1,-nan,-nan
118.2,-nan,-nan
118.3,-nan,-nan
118.4,-nan,-nan
118.5,-nan,-nan
118.6,-nan,-nan
118.7,-nan,-nan
118.8,-nan,-nan
118.9,-nan,-nan
119,-nan,-nan
119.1,-nan,-nan
119.2,-nan,-nan
119.3,-nan,-nan
119.4,-nan,-nan
119.5,-nan,-nan
119.6,-nan,-nan
119.7,-nan,-nan
119.8,-nan,-nan
119.9,-nan,-nan
120,-nan,-nan
120.1,-nan,-nan
120.2,-nan,-nan
120.3,-nan,-nan
120.4,-nan,-nan
120.5,-nan,-nan
120.6,-nan,-nan
120.7,-nan,-nan
120.8,-nan,-nan
120.9,-nan,-nan
121,-nan,-nan
121.1,-nan,-nan
121.2,-nan,-nan
121.3,-nan,-nan
121.4,-nan,-nan
121.5,-nan,-nan
121.6,-nan,-nan
121.7,-nan,-nan
121.8,-nan,-nan
121.9,-nan,-nan
122,-nan,-nan
122.1,-nan,-nan
122.2,-nan,-nan
122.3,-nan,-nan
122.4,-nan,-nan
122.5,-nan,-nan
122.6,-nan,-nan
122.7,-nan,-nan
122.8,-nan,-nan
122.9,-nan,-nan
123,-nan,-nan
123.1,-nan,-nan
123.2,-nan,-nan
123.3,-nan,-nan
123.4,-nan,-nan
123.5,-nan,-nan
123.6,-nan,-nan
123.7,-nan,-nan
123.8,-nan,-nan
123.9,-nan,-nan
124,-nan,-nan
124.1,-nan,-nan
124.2,-nan,-nan
124.3,-nan,-nan
124.4,-nan,-nan
124.5,-nan,-nan
124.6,-nan,-nan
124.7,-nan,-nan
124.8,-nan,-nan
124.9,-nan,-nan
125,-nan,-nan
125.1,-nan,-nan
125.2,-nan,-nan
125.3,-nan,-nan
125.4,-nan,-nan
125.5,-nan,-nan
125.6,-nan,-nan
125.7,-nan,-nan
125.8,-nan,-nan
125.9,-nan,-nan
126,-nan,-nan
126.1,-nan,-nan
126.2,-nan,-nan
126.3,-nan,-nan
126.4,-nan,-nan
126.5,-nan,-nan
126.6,-nan,-nan
126.7,-nan,-nan
126.8,-nan,-nan
126.9,-nan,-nan
127,-nan,-nan
127.1,-nan,-nan
127.2,-nan,-nan
127.3,-nan,-nan
127.4,-nan,-nan
127.5,-nan,-nan
127.6,-nan,-nan
127.7,-nan,-nan
127.8,-nan,-nan
127.9,-nan,-nan
128,-nan,-nan
128.1,-nan,-nan
128.2,-nan,-nan
128.3,-nan,-nan
128.4,-nan,-nan
128.5,-nan,-nan
128.6,-nan,-nan
128.7,-nan,-nan
128.8,-nan,-nan
128.9,-nan,-nan
129,-nan,-nan
129.1,-nan,-nan
129.2,-nan,-nan
129.3,-nan,-nan
129.4,-nan,-nan
129.5,-nan,-nan
129.6,-nan,-nan
129.7,-nan,-nan
129.8,-nan,-nan
129.9,-nan,-nan
130,-nan,-nan
130.1,-nan,-nan
130.2,-nan,-nan
130.3,-nan,-nan
130.4,-nan,-nan
130.5,-nan,-nan
130.6,-nan,-nan
130.7,-nan,-nan
130.8,-nan,-nan
130.9,-nan,-nan
131,-nan,-nan
131.1,-nan,-nan
131.2,-nan,-nan
131.3,-nan,-nan
131.4,-nan,-nan
131.5,-nan,-nan
131.6,-nan,-nan
131.7,-nan,-nan
131.8,-nan,-nan
131.9,-nan,-nan
132,-nan,-nan
132.1,-nan,-nan
132.2,-nan,-nan
132.3,-nan,-nan
132.4,-nan,-nan
132.5,-nan,-nan
132.6,-nan,-nan
132.7,-nan,-nan
132.8,-nan,-nan
132.9,-nan,-nan
133,-nan,-nan
133.1,-nan,-nan
133.2,-nan,-nan
133.3,-nan,-nan
133.4,-nan,-nan
133.5,-nan,-nan
133.6,-nan,-nan
133.7,-nan,-nan
133.8,-nan,-nan
133.9,-nan,-nan
134,-nan,-nan
134.1,-nan,-nan
134.2,-nan,-nan
134.3,-nan,-nan
134.4,-nan,-nan
134.5,-nan,-nan
134.6,-nan,-nan
134.7,-nan,-nan
134.8,-nan,-nan
134.9,-nan,-nan
135,-nan,-nan
135.1,-nan,-nan
135.2,-nan,-nan
135.3,-nan,-nan
135.4,-nan,-nan
135.5,-nan,-nan
135.6,-nan,-nan
135.7,-nan,-nan
135.8,-nan,-nan
135.9,-nan,-nan
136,-nan,-nan
136.1,-nan,-nan
136.2,-nan,-nan
136.3,-nan,-nan
136.4,-nan,-nan
136.5,-nan,-nan
136.6,-nan,-nan
136.7,-nan,-nan
136.8,-nan,-nan
136.9,-nan,-nan
137,-nan,-nan
137.1,-nan,-nan
137.2,-nan,-nan
137.3,-nan,-nan
137.4,-nan,-nan
137.5,-nan,-nan
137.6,-nan,-nan
137.7,-nan,-nan
137.8,-nan,-nan
137.9,-nan,-nan
138,-nan,-nan
138.1,-nan,-nan
138.2,-nan,-nan
138.3,-nan,-nan
138.4,-nan,-nan
138.5,-nan,-nan
138.6,-nan,-nan
138.7,-nan,-nan
138.8,-nan,-nan
138.9,-nan,-nan
139,-nan,-nan
139.1,-nan,-nan
139.2,-nan,-nan
139.3,-nan,-nan
139.4,-nan,-nan
139.5,-nan,-nan
139.6,-nan,-nan
139.7,-nan,-nan
139.8,-nan,-nan
139.9,-nan,-nan
140,-nan,-nan
140.1,-nan,-nan
140.2,-nan,-nan
140.3,-nan,-nan
140.4,-nan,-nan
140.5,-nan,-nan
140.6,-nan,-nan
140.7,-nan,-nan
140.8,-nan,-nan
140.9,-nan,-nan
141,-nan,-nan
141.1,-nan,-nan
141.2,-nan,-nan
141.3,-nan,-nan
141.4,-nan,-nan
141.5,-nan,-nan
141.6,-nan,-nan
141.7,-nan,-nan
141.8,-nan,-nan
141.9,-nan,-nan
142,-nan,-nan
142.1,-nan,-nan
142.2,-nan,-nan
142.3,-nan,-nan
142.4,-nan,-nan
142.5,-nan,-nan
142.6,-nan,-nan
142.7,-nan,-nan
142.8,-nan,-nan
142.9,-nan,-nan
143,-nan,-nan
143.1,-nan,-nan
143.2,-nan,-nan
143.3,-nan,-nan
143.4,-nan,-nan
143.5,-nan,-nan
143.6,-nan,-nan
143.7,-nan,-nan
143.8,-nan,-nan
143.9,-nan,-nan
144,-nan,-nan
144.1,-nan,-nan
144.2,-nan,-nan
144.3,-nan,-nan
144.4,-nan,-nan
144.5,-nan,-nan
144.6,-nan,-nan
144.7,-nan,-nan
144.8,-nan,-nan
144.9,-nan,-nan
145,-nan,-nan
145.1,-nan,-nan
145.2,-nan,-nan
145.3,-nan,-nan
145.4,-nan,-nan
145.5,-nan,-nan
145.6,-nan,-nan
145.7,-nan,-nan
145.8,-nan,-nan
145.9,-nan,-nan
146,-nan,-nan
146.1,-nan,-nan
146.2,-nan,-nan
146.3,-nan,-nan
146.4,-nan,-nan
146.5,-nan,-nan
146.6,-nan,-nan
146.7,-nan,-nan
146.8,-nan,-nan
146.9,-nan,-nan
147,-nan,-nan
147.1,-nan,-nan
147.2,-nan,-nan
147.3,-nan,-nan
147.4,-nan,-nan
147.5,-nan,-nan
147.6,-nan,-nan
147.7,-nan,-nan
147.8,-nan,-nan
147.9,-nan,-nan
148,-nan,-nan
148.1,-nan,-nan
148.2,-nan,-nan
148.3,-nan,-nan
148.4,-nan,-nan
148.5,-nan,-nan
148.6,-nan,-nan
148.7,-nan,-nan
148.8,-nan,-nan
148.9,-nan,-nan
149,-nan,-nan
149.1,-nan,-nan
149.2,-nan,-nan
149.3,-nan,-nan
149.4,-nan,-nan
149.5,-nan,-nan
149.6,-nan,-nan
149.7,-nan,-nan
149.8,-nan,-nan
149.9,-nan,-nan
150,-nan,-nan
150.1,-nan,-nan
150.2,-nan,-nan
150.3,-nan,-nan
150.4,-nan,-nan
150.5,-nan,-nan
150.6,-nan,-nan
150.7,-nan,-nan
150.8,-nan,-nan
150.9,-nan,-nan
151,-nan,-nan
151.1,-nan,-nan
151.2,-nan,-nan
151.3,-nan,-nan
151.4,-nan,-nan
151.5,-nan,-nan
151.6,-nan,-nan
151.7,-nan,-nan
151.8,-nan,-nan
151.9,-nan,-nan
152,-nan,-nan
152.1,-nan,-nan
152.2,-nan,-nan
152.3,-nan,-nan
152.4,-nan,-nan
152.5,-nan,-nan
152.6,-nan,-nan
152.7,-nan,-nan
152.8,-nan,-nan
152.9,-nan,-nan
153,-nan,-nan
153.1,-nan,-nan
153.2,-nan,-nan
153.3,-nan,-nan
153.4,-nan,-nan
153.5,-nan,-nan
153.6,-nan,-nan
153.7,-nan,-nan
153.8,-nan,-nan
153.9,-nan,-nan
154,-nan,-nan
154.1,-nan,-nan
154.2,-nan,-nan
154.3,-nan,-nan
154.4,-nan,-nan
154.5,-nan,-nan
154.6,-nan,-nan
154.7,-nan,-nan
154.8,-nan,-nan
154.9,-nan,-nan
155,-nan,-nan
155.1,-nan,-nan
155.2,-nan,-nan
155.3,-nan,-nan
155.4,-nan,-nan
155.5,-nan,-nan
155.6,-nan,-nan
155.7,-nan,-nan
155.8,-nan,-nan
155.9,-nan,-nan
156,-nan,-nan
156.1,-nan,-nan
156.2,-nan,-nan
156.3,-nan,-nan
156.4,-nan,-nan
156.5,-nan,-nan
156.6,-nan,-nan
156.7,-nan,-nan
156.8,-nan,-nan
156.9,-nan,-nan
157,-nan,-nan
157.1,-nan,-nan
157.2,-nan,-nan
157.3,-nan,-nan
157.4,-nan,-nan
157.5,-nan,-nan
157.6,-nan,-nan
157.7,-nan,-nan
157.8,-nan,-nan
157.9,-nan,-nan
158,-nan,-nan
158.1,-nan,-nan
158.2,-nan,-nan
158.3,-nan,-nan
158.4,-nan,-nan
158.5,-nan,-nan
158.6,-nan,-nan
158.7,-nan,-nan
158.8,-nan,-nan
158.9,-nan,-nan
159,-nan,-nan
159.1,-nan,-nan
159.2,-nan,-nan
159.3,-nan,-nan
159.4,-nan,-nan
159.5,-nan,-nan
159.6,-nan,-nan
159.7,-nan,-nan
159.8,-nan,-nan
159.9,-nan,-nan
160,-nan,-nan
160.1,-nan,-nan
160.2,-nan,-nan
160.3,-nan,-nan
160.4,-nan,-nan
160.5,-nan,-nan
160.6,-nan,-nan
160.7,-nan,-nan
160.8,-nan,-nan
160.9,-nan,-nan
161,-nan,-nan
161.1,-nan,-nan
161.2,-nan,-nan
161.3,-nan,-nan
161.4,-nan,-nan
161.5,-nan,-nan
161.6,-nan,-nan
161.7,-nan,-nan
161.8,-nan,-nan
161.9,-nan,-nan
162,-nan,-nan
162.1,-nan,-nan
162.2,-nan,-nan
162.3,-nan,-nan
162.4,-nan,-nan
162.5,-nan,-nan
162.6,-nan,-nan
162.7,-nan,-nan
162.8,-nan,-nan
162.9,-nan,-nan
163,-nan,-nan
163.1,-nan,-nan
163.2,-nan,-nan
163.3,-nan,-nan
163.4,-nan,-nan
163.5,-nan,-nan
163.6,-nan,-nan
163.7,-nan,-nan
163.8,-nan,-nan
163.9,-nan,-nan
164,-nan,-nan
164.1,-nan,-nan
164.2,-nan,-nan
164.3,-nan,-nan
164.4,-nan,-nan
164.5,-nan,-nan
164.6,-nan,-nan
164.7,-nan,-nan
164.8,-nan,-nan
164.9,-nan,-nan
165,-nan,-nan
165.1,-nan,-nan
165.2,-nan,-nan
165.3,-nan,-nan
165.4,-nan,-nan
165.5,-nan,-nan
165.6,-nan,-nan
165.7,-nan,-nan
165.8,-nan,-nan
165.9,-nan,-nan
166,-nan,-nan
166.1,-nan,-nan
166.2,-nan,-nan
166.3,-nan,-nan
166.4,-nan,-nan
166.5,-nan,-nan
166.6,-nan,-nan
166.7,-nan,-nan
166.8,-nan,-nan
166.9,-nan,-nan
167,-nan,-nan
167.1,-nan,-nan
167.2,-nan,-nan
167.3,-nan,-nan
167.4,-nan,-nan
167.5,-nan,-nan
167.6,-nan,-nan
167.7,-nan,-nan
167.8,-nan,-nan
167.9,-nan,-nan
168,-nan,-nan
168.1,-nan,-nan
168.2,-nan,-nan
168.3,-nan,-nan
168.4,-nan,-nan
168.5,-nan,-nan
168.6,-nan,-nan
168.7,-nan,-nan
168.8,-nan,-nan
168.9,-nan,-nan
169,-nan,-nan
169.1,-nan,-nan
169.2,-nan,-nan
169.3,-nan,-nan
169.4,-nan,-nan
169.5,-nan,-nan
169.6,-nan,-nan
169.7,-nan,-nan
169.8,-nan,-nan
169.9,-nan,-nan
170,-nan,-nan
170.1,-nan,-nan
170.2,-nan,-nan
170.3,-nan,-nan
170.4,-nan,-nan
170.5,-nan,-nan
170.6,-nan,-nan
170.7,-nan,-nan
170.8,-nan,-nan
170.9,-nan,-nan
171,-nan,-nan
171.1,-nan,-nan
171.2,-nan,-nan
171.3,-nan,-nan
171.4,-nan,-nan
171.5,-nan,-nan
171.6,-nan,-nan
171.7,-nan,-nan
171.8,-nan,-nan
171.9,-nan,-nan
172,-nan,-nan
172.1,-nan,-nan
172.2,-nan,-nan
172.3,-nan,-nan
172.4,-nan,-nan
172.5,-nan,-nan
172.6,-nan,-nan
172.7,-nan,-nan
172.8,-nan,-nan
172.9,-nan,-nan
173,-nan,-nan
173.1,-nan,-nan
173.2,-nan,-nan
173.3,-nan,-nan
173.4,-nan,-nan
173.5,-nan,-nan
173.6,-nan,-nan
173.7,-nan,-nan
173.8,-nan,-nan
173.9,-nan,-nan
174,-nan,-nan
174.1,-nan,-nan
174.2,-nan,-nan
174.3,-nan,-nan
174.4,-nan,-nan
174.5,-nan,-nan
174.6,-nan,-nan
174.7,-nan,-nan
174.8,-nan,-nan
174.9,-nan,-nan
175,-nan,-nan
175.1,-nan,-nan
175.2,-nan,-nan
175.3,-nan,-nan
175.4,-nan,-nan
175.5,-nan,-nan
175.6,-nan,-nan
175.7,-nan,-nan
175.8,-nan,-nan
175.9,-nan,-nan
176,-nan,-nan
176.1,-nan,-nan
176.2,-nan,-nan
176.3,-nan,-nan
176.4,-nan,-nan
176.5,-nan,-nan
176.6,-nan,-nan
176.7,-nan,-nan
176.8,-nan,-nan
176.9,-nan,-nan
177,-nan,-nan
177.1,-nan,-nan
177.2,-nan,-nan
177.3,-nan,-nan
177.4,-nan,-nan
177.5,-nan,-nan
177.6,-nan,-nan
177.7,-nan,-nan
177.8,-nan,-nan
177.9,-nan,-nan
178,-nan,-nan
178.1,-nan,-nan
178.2,-nan,-nan
178.3,-nan,-nan
178.4,-nan,-nan
178.5,-nan,-nan
178.6,-nan,-nan
178.7,-nan,-nan
178.8,-nan,-nan
178.9,-nan,-nan
179,-nan,-nan
179.1,-nan,-nan
179.2,-nan,-nan
179.3,-nan,-nan
179.4,-nan,-nan
179.5,-nan,-nan
179.6,-nan,-nan
179.7,-nan,-nan
179.8,-nan,-nan
179.9,-nan,-nan
180,-nan,-nan
180.1,-nan,-nan
180.2,-nan,-nan
180.3,-nan,-nan
180.4,-nan,-nan
180.5,-nan,-nan
180.6,-nan,-nan
180.7,-nan,-nan
180.8,-nan,-nan
180.9,-nan,-nan
181,-nan,-nan
181.1,-nan,-nan
181.2,-nan,-nan
181.3,-nan,-nan
181.4,-nan,-nan
181.5,-nan,-nan
181.6,-nan,-nan
181.7,-nan,-nan
181.8,-nan,-nan
181.9,-nan,-nan
182,-nan,-nan
182.1,-nan,-nan
182.2,-nan,-nan
182.3,-nan,-nan
182.4,-nan,-nan
182.5,-nan,-nan
182.6,-nan,-nan
182.7,-nan,-nan
182.8,-nan,-nan
182.9,-nan,-nan
183,-nan,-nan
183.1,-nan,-nan
183.2,-nan,-nan
183.3,-nan,-nan
183.4,-nan,-nan
183.5,-nan,-nan
183.6,-nan,-nan
183.7,-nan,-nan
183.8,-nan,-nan
183.9,-nan,-nan
184,-nan,-nan
184.1,-nan,-nan
184.2,-nan,-nan
184.3,-nan,-nan
184.4,-nan,-nan
184.5,-nan,-nan
184.6,-nan,-nan
184.7,-nan,-nan
184.8,-nan,-nan
184.9,-nan,-nan
185,-nan,-nan
185.1,-nan,-nan
185.2,-nan,-nan
185.3,-nan,-nan
185.4,-nan,-nan
185.5,-nan,-nan
185.6,-nan,-nan
185.7,-nan,-nan
185.8,-nan,-nan
185.9,-nan,-nan
186,-nan,-nan
186.1,-nan,-nan
186.2,-nan,-nan
186.3,-nan,-nan
186.4,-nan,-nan
186.5,-nan,-nan
186.6,-nan,-nan
186.7,-nan,-nan
186.8,-nan,-nan
186.9,-nan,-nan
187,-nan,-nan
187.1,-nan,-nan
187.2,-nan,-nan
187.3,-nan,-nan
187.4,-nan,-nan
187.5,-nan,-nan
187.6,-nan,-nan
187.7,-nan,-nan
187.8,-nan,-nan
187.9,-nan,-nan
188,-nan,-nan
188.1,-nan,-nan
188.2,-nan,-nan
188.3,-nan,-nan
188.4,-nan,-nan
188.5,-nan,-nan
188.6,-nan,-nan
188.7,-nan,-nan
188.8,-nan,-nan
188.9,-nan,-nan
189,-nan,-nan
189.1,-nan,-nan
189.2,-nan,-nan
189.3,-nan,-nan
189.4,-nan,-nan
189.5,-nan,-nan
189.6,-nan,-nan
189.7,-nan,-nan
189.8,-nan,-nan
189.9,-nan,-nan
190,-nan,-nan
190.1,-nan,-nan
190.2,-nan,-nan
190.3,-nan,-nan
190.4,-nan,-nan
190.5,-nan,-nan
190.6,-nan,-nan
190.7,-nan,-nan
190.8,-nan,-nan
190.9,-nan,-nan
191,-nan,-nan
191.1,-nan,-nan
191.2,-nan,-nan
191.3,-nan,-nan
191.4,-nan,-nan
191.5,-nan,-nan
191.6,-nan,-nan
191.7,-nan,-nan
191.8,-nan,-nan
191.9,-nan,-nan
192,-nan,-nan
192.1,-nan,-nan
192.2,-nan,-nan
192.3,-nan,-nan
192.4,-nan,-nan
192.5,-nan,-nan
192.6,-nan,-nan
192.7,-nan,-nan
192.8,-nan,-nan
192.9,-nan,-nan
193,-nan,-nan
193.1,-nan,-nan
193.2,-nan,-nan
193.3,-nan,-nan
193.4,-nan,-nan
193.5,-nan,-nan
193.6,-nan,-nan
193.7,-nan,-nan
193.8,-nan,-nan
193.9,-nan,-nan
194,-nan,-nan
194.1,-nan,-nan
194.2,-nan,-nan
194.3,-nan,-nan
194.4,-nan,-nan
194.5,-nan,-nan
194.6,-nan,-nan
194.7,-nan,-nan
194.8,-nan,-nan
194.9,-nan,-nan
195,-nan,-nan
195.1,-nan,-nan
195.2,-nan,-nan
195.3,-nan,-nan
195.4,-nan,-nan
195.5,-nan,-nan
195.6,-nan,-nan
195.7,-nan,-nan
195.8,-nan,-nan
195.9,-nan,-nan
196,-nan,-nan
196.1,-nan,-nan
196.2,-nan,-nan
196.3,-nan,-nan
196.4,-nan,-nan
196.5,-nan,-nan
196.6,-nan,-nan
196.7,-nan,-nan
196.8,-nan,-nan
196.9,-nan,-nan
197,-nan,-nan
197.1,-nan,-nan
197.2,-nan,-nan
197.3,-nan,-nan
197.4,-nan,-nan
197.5,-nan,-nan
197.6,-nan,-nan
197.7,-nan,-nan
197.8,-nan,-nan
197.9,-nan,-nan
198,-nan,-nan
198.1,-nan,-nan
198.2,-nan,-nan
198.3,-nan,-nan
198.4,-nan,-nan
198.5,-nan,-nan
198.6,-nan,-nan
198.7,-nan,-nan
198.8,-nan,-nan
198.9,-nan,-nan
199,-nan,-nan
199.1,-nan,-nan
199.2,-nan,-nan
199.3,-nan,-nan
199.4,-nan,-nan
199.5,-nan,-nan
199.6,-nan,-nan
199.7,-nan,-nan
199.8,-nan,-nan
199.9,-nan,-nan
200,-nan,-nan
200.1,-nan,-nan
200.2,-nan,-nan
200.3,-nan,-nan
200.4,-nan,-nan
200.5,-nan,-nan
200.6,-nan,-nan
200.7,-nan,-nan
200.8,-nan,-nan
200.9,-nan,-nan
201,-nan,-nan
201.1,-nan,-nan
201.2,-nan,-nan
201.3,-nan,-nan
201.4,-nan,-nan
201.5,-nan,-nan
201.6,-nan,-nan
201.7,-nan,-nan
201.8,-nan,-nan
201.9,-nan,-nan
202,-nan,-nan
202.1,-nan,-nan
202.2,-nan,-nan
202.3,-nan,-nan
202.4,-nan,-nan
202.5,-nan,-nan
202.6,-nan,-nan
202.7,-nan,-nan
202.8,-nan,-nan
202.9,-nan,-nan
203,-nan,-nan
203.1,-nan,-nan
203.2,-nan,-nan
203.3,-nan,-nan
203.4,-nan,-nan
203.5,-nan,-nan
203.6,-nan,-nan
203.7,-nan,-nan
203.8,-nan,-nan
203.9,-nan,-nan
204,-nan,-nan
204.1,-nan,-nan
204.2,-nan,-nan
204.3,-nan,-nan
204.4,-nan,-nan
204.5,-nan,-nan
204.6,-nan,-nan
204.7,-nan,-nan
204.8,-nan,-nan
204.9,-nan,-nan
205,-nan,-nan
205.1,-nan,-nan
205.2,-nan,-nan
205.3,-nan,-nan
205.4,-nan,-nan
205.5,-nan,-nan
205.6,-nan,-nan
205.7,-nan,-nan
205.8,-nan,-nan
205.9,-nan,-nan
206,-nan,-nan
206.1,-nan,-nan
206.2,-nan,-nan
206.3,-nan,-nan
206.4,-nan,-nan
206.5,-nan,-nan
206.6,-nan,-nan
206.7,-nan,-nan
206.8,-nan,-nan
206.9,-nan,-nan
207,-nan,-nan
207.1,-nan,-nan
207.2,-nan,-nan
207.3,-nan,-nan
207.4,-nan,-nan
207.5,-nan,-nan
207.6,-nan,-nan
207.7,-nan,-nan
207.8,-nan,-nan
207.9,-nan,-nan
208,-nan,-nan
208.1,-nan,-nan
208.2,-nan,-nan
208.3,-nan,-nan
208.4,-nan,-nan
208.5,-nan,-nan
208.6,-nan,-nan
208.7,-nan,-nan
208.8,-nan,-nan
208.9,-nan,-nan
209,-nan,-nan
209.1,-nan,-nan
209.2,-nan,-nan
209.3,-nan,-nan
209.4,-nan,-nan
209.5,-nan,-nan
209.6,-nan,-nan
209.7,-nan,-nan
209.8,-nan,-nan
209.9,-nan,-nan
210,-nan,-nan
210.1,-nan,-nan
210.2,-nan,-nan
210.3,-nan,-nan
210.4,-nan,-nan
210.5,-nan,-nan
210.6,-nan,-nan
210.7,-nan,-nan
210.8,-nan,-nan
210.9,-nan,-nan
211,-nan,-nan
211.1,-nan,-nan
211.2,-nan,-nan
211.3,-nan,-nan
211.4,-nan,-nan
211.5,-nan,-nan
211.6,-nan,-nan
211.7,-nan,-nan
211.8,-nan,-nan
211.9,-nan,-nan
212,-nan,-nan
212.1,-nan,-nan
212.2,-nan,-nan
212.3,-nan,-nan
212.4,-nan,-nan
212.5,-nan,-nan
212.6,-nan,-nan
212.7,-nan,-nan
212.8,-nan,-nan
212.9,-nan,-nan
213,-nan,-nan
213.1,-nan,-nan
213.2,-nan,-nan
213.3,-nan,-nan
213.4,-nan,-nan
213.5,-nan,-nan
213.6,-nan,-nan
213.7,-nan,-nan
213.8,-nan,-nan
213.9,-nan,-nan
214,-nan,-nan
214.1,-nan,-nan
214.2,-nan,-nan
214.3,-nan,-nan
214.4,-nan,-nan
214.5,-nan,-nan
214.6,-nan,-nan
214.7,-nan,-nan
214.8,-nan,-nan
214.9,-nan,-nan
215,-nan,-nan
215.1,-nan,-nan
215.2,-nan,-nan
215.3,-nan,-nan
215.4,-nan,-nan
215.5,-nan,-nan
215.6,-nan,-nan
215.7,-nan,-nan
215.8,-nan,-nan
215.9,-nan,-nan
216,-nan,-nan
216.1,-nan,-nan
216.2,-nan,-nan
216.3,-nan,-nan
216.4,-nan,-nan
216.5,-nan,-nan
216.6,-nan,-nan
216.7,-nan,-nan
216.8,-nan,-nan
216.9,-nan,-nan
217,-nan,-nan
217.1,-nan,-nan
217.2,-nan,-nan
217.3,-nan,-nan
217.4,-nan,-nan
217.5,-nan,-nan
217.6,-nan,-nan
217.7,-nan,-nan
217.8,-nan,-nan
217.9,-nan,-nan
218,-nan,-nan
218.1,-nan,-nan
218.2,-nan,-nan
218.3,-nan,-nan
218.4,-nan,-nan
218.5,-nan,-nan
218.6,-nan,-nan
218.7,-nan,-nan
218.8,-nan,-nan
218.9,-nan,-nan
219,-nan,-nan
219.1,-nan,-nan
219.2,-nan,-nan
219.3,-nan,-nan
219.4,-nan,-nan
219.5,-nan,-nan
219.6,-nan,-nan
219.7,-nan,-nan
219.8,-nan,-nan
219.9,-nan,-nan
220,-nan,-nan
220.1,-nan,-nan
220.2,-nan,-nan
220.3,-nan,-nan
220.4,-nan,-nan
220.5,-nan,-nan
220.6,-nan,-nan
220.7,-nan,-nan
220.8,-nan,-nan
220.9,-nan,-nan
221,-nan,-nan
221.1,-nan,-nan
221.2,-nan,-nan
221.3,-nan,-nan
221.4,-nan,-nan
221.5,-nan,-nan
221.6,-nan,-nan
221.7,-nan,-nan
221.8,-nan,-nan
221.9,-nan,-nan
222,-nan,-nan
222.1,-nan,-nan
222.2,-nan,-nan
222.3,-nan,-nan
222.4,-nan,-nan
222.5,-nan,-nan
222.6,-nan,-nan
222.7,-nan,-nan
222.8,-nan,-nan
222.9,-nan,-nan
223,-nan,-nan
223.1,-nan,-nan
223.2,-nan,-nan
223.3,-nan,-nan
223.4,-nan,-nan
223.5,-nan,-nan
223.6,-nan,-nan
223.7,-nan,-nan
223.8,-nan,-nan
223.9,-nan,-nan
224,-nan,-nan
224.1,-nan,-nan
224.2,-nan,-nan
224.3,-nan,-nan
224.4,-nan,-nan
224.5,-nan,-nan
224.6,-nan,-nan
224.7,-nan,-nan
224.8,-nan,-nan
224.9,-nan,-nan
225,-nan,-nan
225.1,-nan,-nan
225.2,-nan,-nan
225.3,-nan,-nan
225.4,-nan,-nan
225.5,-nan,-nan
225.6,-nan,-nan
225.7,-nan,-nan
225.8,-nan,-nan
225.9,-nan,-nan
226,-nan,-nan
226.1,-nan,-nan
226.2,-nan,-nan
226.3,-nan,-nan
226.4,-nan,-nan
226.5,-nan,-nan
226.6,-nan,-nan
226.7,-nan,-nan
226.8,-nan,-nan
226.9,-nan,-nan
227,-nan,-nan
227.1,-nan,-nan
227.2,-nan,-nan
227.3,-nan,-nan
227.4,-nan,-nan
227.5,-nan,-nan
227.6,-nan,-nan
227.7,-nan,-nan
227.8,-nan,-nan
227.9,-nan,-nan
228,-nan,-nan
228.1,-nan,-nan
228.2,-nan,-nan
228.3,-nan,-nan
228.4,-nan,-nan
228.5,-nan,-nan
228.6,-nan,-nan
228.7,-nan,-nan
228.8,-nan,-nan
228.9,-nan,-nan
229,-nan,-nan
229.1,-nan,-nan
229.2,-nan,-nan
229.3,-nan,-nan
229.4,-nan,-nan
229.5,-nan,-nan
229.6,-nan,-nan
229.7,-nan,-nan
229.8,-nan,-nan
229.9,-nan,-nan
230,-nan,-nan
230.1,-nan,-nan
230.2,-nan,-nan
230.3,-nan,-nan
230.4,-nan,-nan
230.5,-nan,-nan
230.6,-nan,-nan
230.7,-nan,-nan
230.8,-nan,-nan
230.9,-nan,-nan
231,-nan,-nan
231.1,-nan,-nan
231.2,-nan,-nan
231.3,-nan,-nan
231.4,-nan,-nan
231.5,-nan,-nan
231.6,-nan,-nan
231.7,-nan,-nan
231.8,-nan,-nan
231.9,-nan,-nan
232,-nan,-nan
232.1,-nan,-nan
232.2,-nan,-nan
232.3,-nan,-nan
232.4,-nan,-nan
232.5,-nan,-nan
232.6,-nan,-nan
232.7,-nan,-nan
232.8,-nan,-nan
232.9,-nan,-nan
233,-nan,-nan
233.1,-nan,-nan
233.2,-nan,-nan
233.3,-nan,-nan
233.4,-nan,-nan
233.5,-nan,-nan
233.6,-nan,-nan
233.7,-nan,-nan
233.8,-nan,-nan
233.9,-nan,-nan
234,-nan,-nan
234.1,-nan,-nan
234.2,-nan,-nan
234.3,-nan,-nan
234.4,-nan,-nan
234.5,-nan,-nan
234.6,-nan,-nan
234.7,-nan,-nan
234.8,-nan,-nan
234.9,-nan,-nan
235,-nan,-nan
235.1,-nan,-nan
235.2,-nan,-nan
235.3,-nan,-nan
235.4,-nan,-nan
235.5,-nan,-nan
235.6,-nan,-nan
235.7,-nan,-nan
235.8,-nan,-nan
235.9,-nan,-nan
236,-nan,-nan
236.1,-nan,-nan
236.2,-nan,-nan
236.3,-nan,-nan
236.4,-nan,-nan
236.5,-nan,-nan
236.6,-nan,-nan
236.7,-nan,-nan
236.8,-nan,-nan
236.9,-nan,-nan
237,-nan,-nan
237.1,-nan,-nan
237.2,-nan,-nan
237.3,-nan,-nan
237.4,-nan,-nan
237.5,-nan,-nan
237.6,-nan,-nan
237.7,-nan,-nan
237.8,-nan,-nan
237.9,-nan,-nan
238,-nan,-nan
238.1,-nan,-nan
238.2,-nan,-nan
238.3,-nan,-nan
238.4,-nan,-nan
238.5,-nan,-nan
238.6,-nan,-nan
238.7,-nan,-nan
238.8,-nan,-nan
238.9,-nan,-nan
239,-nan,-nan
239.1,-nan,-nan
239.2,-nan,-nan
239.3,-nan,-nan
239.4,-nan,-nan
239.5,-nan,-nan
239.6,-nan,-nan
239.7,-nan,-nan
239.8,-nan,-nan
239.9,-nan,-nan
240,-nan,-nan
240.1,-nan,-nan
240.2,-nan,-nan
240.3,-nan,-nan
240.4,-nan,-nan
240.5,-nan,-nan
240.6,-nan,-nan
240.7,-nan,-nan
240.8,-nan,-nan
240.9,-nan,-nan
241,-nan,-nan
241.1,-nan,-nan
241.2,-nan,-nan
241.3,-nan,-nan
241.4,-nan,-nan
241.5,-nan,-nan
241.6,-nan,-nan
241.7,-nan,-nan
241.8,-nan,-nan
241.9,-nan,-nan
242,-nan,-nan
242.1,-nan,-nan
242.2,-nan,-nan
242.3,-nan,-nan
242.4,-nan,-nan
242.5,-nan,-nan
242.6,-nan,-nan
242.7,-nan,-nan
242.8,-nan,-nan
242.9,-nan,-nan
243,-nan,-nan
243.1,-nan,-nan
243.2,-nan,-nan
243.3,-nan,-nan
243.4,-nan,-nan
243.5,-nan,-nan
243.6,-nan,-nan
243.7,-nan,-nan
243.8,-nan,-nan
243.9,-nan,-nan
244,-nan,-nan
244.1,-nan,-nan
244.2,-nan,-nan
244.3,-nan,-nan
244.4,-nan,-nan
244.5,-nan,-nan
244.6,-nan,-nan
244.7,-nan,-nan
244.8,-nan,-nan
244.9,-nan,-nan
245,-nan,-nan
245.1,-nan,-nan
245.2,-nan,-nan
245.3,-nan,-nan
245.4,-nan,-nan
245.5,-nan,-nan
245.6,-nan,-nan
245.7,-nan,-nan
245.8,-nan,-nan
245.9,-nan,-nan
246,-nan,-nan
246.1,-nan,-nan
246.2,-nan,-nan
246.3,-nan,-nan
246.4,-nan,-nan
246.5,-nan,-nan
246.6,-nan,-nan
246.7,-nan,-nan
246.8,-nan,-nan
246.9,-nan,-nan
247,-nan,-nan
247.1,-nan,-nan
247.2,-nan,-nan
247.3,-nan,-nan
247.4,-nan,-nan
247.5,-nan,-nan
247.6,-nan,-nan
247.7,-nan,-nan
247.8,-nan,-nan
247.9,-nan,-nan
248,-nan,-nan
248.1,-nan,-nan
248.2,-nan,-nan
248.3,-nan,-nan
248.4,-nan,-nan
248.5,-nan,-nan
248.6,-nan,-nan
248.7,-nan,-nan
248.8,-nan,-nan
248.9,-nan,-nan
249,-nan,-nan
249.1,-nan,-nan
249.2,-nan,-nan
249.3,-nan,-nan
249.4,-nan,-nan
249.5,-nan,-nan
249.6,-nan,-nan
249.7,-nan,-nan
249.8,-nan,-nan
249.9,-nan,-nan
250,-nan,-nan
250.1,-nan,-nan
250.2,-nan,-nan
250.3,-nan,-nan
250.4,-nan,-nan
250.5,-nan,-nan
250.6,-nan,-nan
250.7,-nan,-nan
250.8,-nan,-nan
250.9,-nan,-nan
251,-nan,-nan
251.1,-nan,-nan
251.2,-nan,-nan
251.3,-nan,-nan
251.4,-nan,-nan
251.5,-nan,-nan
251.6,-nan,-nan
251.7,-nan,-nan
251.8,-nan,-nan
251.9,-nan,-nan
252,-nan,-nan
252.1,-nan,-nan
252.2,-nan,-nan
252.3,-nan,-nan
252.4,-nan,-nan
252.5,-nan,-nan
252.6,-nan,-nan
252.7,-nan,-nan
252.8,-nan,-nan
252.9,-nan,-nan
253,-nan,-nan
253.1,-nan,-nan
253.2,-nan,-nan
253.3,-nan,-nan
253.4,-nan,-nan
253.5,-nan,-nan
253.6,-nan,-nan
253.7,-nan,-nan
253.8,-nan,-nan
253.9,-nan,-nan
254,-nan,-nan
254.1,-nan,-nan
254.2,-nan,-nan
254.3,-nan,-nan
254.4,-nan,-nan
254.5,-nan,-nan
254.6,-nan,-nan
254.7,-nan,-nan
254.8,-nan,-nan
254.9,-nan,-nan
255,-nan,-nan
255.1,-nan,-nan
255.2,-nan,-nan
255.3,-nan,-nan
255.4,-nan,-nan
255.5,-nan,-nan
255.6,-nan,-nan
255.7,-nan,-nan
255.8,-nan,-nan
255.9,-nan,-nan
256,-nan,-nan
256.1,-nan,-nan
256.2,-nan,-nan
256.3,-nan,-nan
256.4,-nan,-nan
256.5,-nan,-nan
256.6,-nan,-nan
256.7,-nan,-nan
256.8,-nan,-nan
256.9,-nan,-nan
257,-nan,-nan
257.1,-nan,-nan
257.2,-nan,-nan
257.3,-nan,-nan
257.4,-nan,-nan
257.5,-nan,-nan
257.6,-nan,-nan
257.7,-nan,-nan
257.8,-nan,-nan
257.9,-nan,-nan
258,-nan,-nan
258.1,-nan,-nan
258.2,-nan,-nan
258.3,-nan,-nan
258.4,-nan,-nan
258.5,-nan,-nan
258.6,-nan,-nan
258.7,-nan,-nan
258.8,-nan,-nan
258.9,-nan,-nan
259,-nan,-nan
259.1,-nan,-nan
259.2,-nan,-nan
259.3,-nan,-nan
259.4,-nan,-nan
259.5,-nan,-nan
259.6,-nan,-nan
259.7,-nan,-nan
259.8,-nan,-nan
259.9,-nan,-nan
260,-nan,-nan
260.1,-nan,-nan
260.2,-nan,-nan
260.3,-nan,-nan
260.4,-nan,-nan
260.5,-nan,-nan
260.6,-nan,-nan
260.7,-nan,-nan
260.8,-nan,-nan
260.9,-nan,-nan
261,-nan,-nan
261.1,-nan,-nan
261.2,-nan,-nan
261.3,-nan,-nan
261.4,-nan,-nan
261.5,-nan,-nan
261.6,-nan,-nan
261.7,-nan,-nan
261.8,-nan,-nan
261.9,-nan,-nan
262,-nan,-nan
262.1,-nan,-nan
262.2,-nan,-nan
262.3,-nan,-nan
262.4,-nan,-nan
262.5,-nan,-nan
262.6,-nan,-nan
262.7,-nan,-nan
262.8,-nan,-nan
262.9,-nan,-nan
263,-nan,-nan
263.1,-nan,-nan
263.2,-nan,-nan
263.3,-nan,-nan
263.4,-nan,-nan
263.5,-nan,-nan
263.6,-nan,-nan
263.7,-nan,-nan
263.8,-nan,-nan
263.9,-nan,-nan
264,-nan,-nan
264.1,-nan,-nan
264.2,-nan,-nan
264.3,-nan,-nan
264.4,-nan,-nan
264.5,-nan,-nan
264.6,-nan,-nan
264.7,-nan,-nan
264.8,-nan,-nan
264.9,-nan,-nan
265,-nan,-nan
265.1,-nan,-nan
265.2,-nan,-nan
265.3,-nan,-nan
265.4,-nan,-nan
265.5,-nan,-nan
265.6,-nan,-nan
265.7,-nan,-nan
265.8,-nan,-nan
265.9,-nan,-nan
266,-nan,-nan
266.1,-nan,-nan
266.2,-nan,-nan
266.3,-nan,-nan
266.4,-nan,-nan
266.5,-nan,-nan
266.6,-nan,-nan
266.7,-nan,-nan
266.8,-nan,-nan
266.9,-nan,-nan
267,-nan,-nan
267.1,-nan,-nan
267.2,-nan,-nan
267.3,-nan,-nan
267.4,-nan,-nan
267.5,-nan,-nan
267.6,-nan,-nan
267.7,-nan,-nan
267.8,-nan,-nan
267.9,-nan,-nan
268,-nan,-nan
268.1,-nan,-nan
268.2,-nan,-nan
268.3,-nan,-nan
268.4,-nan,-nan
268.5,-nan,-nan
268.6,-nan,-nan
268.7,-nan,-nan
268.8,-nan,-nan
268.9,-nan,-nan
269,-nan,-nan
269.1,-nan,-nan
269.2,-nan,-nan
269.3,-nan,-nan
269.4,-nan,-nan
269.5,-nan,-nan
269.6,-nan,-nan
269.7,-nan,-nan
269.8,-nan,-nan
269.9,-nan,-nan
270,-nan,-nan
270.1,-nan,-nan
270.2,-nan,-nan
270.3,-nan,-nan
270.4,-nan,-nan
270.5,-nan,-nan
270.6,-nan,-nan
270.7,-nan,-nan
270.8,-nan,-nan
270.9,-nan,-nan
271,-nan,-nan
271.1,-nan,-nan
271.2,-nan,-nan
271.3,-nan,-nan
271.4,-nan,-nan
271.5,-nan,-nan
271.6,-nan,-nan
271.7,-nan,-nan
271.8,-nan,-nan
271.9,-nan,-nan
272,-nan,-nan
272.1,-nan,-nan
272.2,-nan,-nan
272.3,-nan,-nan
272.4,-nan,-nan
272.5,-nan,-nan
272.6,-nan,-nan
272.7,-nan,-nan
272.8,-nan,-nan
272.9,-nan,-nan
273,-nan,-nan
273.1,-nan,-nan
273.2,-nan,-nan
273.3,-nan,-nan
273.4,-nan,-nan
273.5,-nan,-nan
273.6,-nan,-nan
273.7,-nan,-nan
273.8,-nan,-nan
273.9,-nan,-nan
274,-nan,-nan
274.1,-nan,-nan
274.2,-nan,-nan
274.3,-nan,-nan
274.4,-nan,-nan
274.5,-nan,-nan
274.6,-nan,-nan
274.7,-nan,-nan
274.8,-nan,-nan
274.9,-nan,-nan
275,-nan,-nan
275.1,-nan,-nan
275.2,-nan,-nan
275.3,-nan,-nan
275.4,-nan,-nan
275.5,-nan,-nan
275.6,-nan,-nan
275.7,-nan,-nan
275.8,-nan,-nan
275.9,-nan,-nan
276,-nan,-nan
276.1,-nan,-nan
276.2,-nan,-nan
276.3,-nan,-nan
276.4,-nan,-nan
276.5,-nan,-nan
276.6,-nan,-nan
276.7,-nan,-nan
276.8,-nan,-nan
276.9,-nan,-nan
277,-nan,-nan
277.1,-nan,-nan
277.2,-nan,-nan
277.3,-nan,-nan
277.4,-nan,-nan
277.5,-nan,-nan
277.6,-nan,-nan
277.7,-nan,-nan
277.8,-nan,-nan
277.9,-nan,-nan
278,-nan,-nan
278.1,-nan,-nan
278.2,-nan,-nan
278.3,-nan,-nan
278.4,-nan,-nan
278.5,-nan,-nan
278.6,-nan,-nan
278.7,-nan,-nan
278.8,-nan,-nan
278.9,-nan,-nan
279,-nan,-nan
279.1,-nan,-nan
279.2,-nan,-nan
279.3,-nan,-nan
279.4,-nan,-nan
279.5,-nan,-nan
279.6,-nan,-nan
279.7,-nan,-nan
279.8,-nan,-nan
279.9,-nan,-nan
280,-nan,-nan
280.1,-nan,-nan
280.2,-nan,-nan
280.3,-nan,-nan
280.4,-nan,-nan
280.5,-nan,-nan
280.6,-nan,-nan
280.7,-nan,-nan
280.8,-nan,-nan
280.9,-nan,-nan
281,-nan,-nan
281.1,-nan,-nan
281.2,-nan,-nan
281.3,-nan,-nan
281.4,-nan,-nan
281.5,-nan,-nan
281.6,-nan,-nan
281.7,-nan,-nan
281.8,-nan,-nan
281.9,-nan,-nan
282,-nan,-nan
282.1,-nan,-nan
282.2,-nan,-nan
282.3,-nan,-nan
282.4,-nan,-nan
282.5,-nan,-nan
282.6,-nan,-nan
282.7,-nan,-nan
282.8,-nan,-nan
282.9,-nan,-nan
283,-nan,-nan
283.1,-nan,-nan
283.2,-nan,-nan
283.3,-nan,-nan
283.4,-nan,-nan
283.5,-nan,-nan
283.6,-nan,-nan
283.7,-nan,-nan
283.8,-nan,-nan
283.9,-nan,-nan
284,-nan,-nan
284.1,-nan,-nan
284.2,-nan,-nan
284.3,-nan,-nan
284.4,-nan,-nan
284.5,-nan,-nan
284.6,-nan,-nan
284.7,-nan,-nan
284.8,-nan,-nan
284.9,-nan,-nan
285,-nan,-nan
285.1,-nan,-nan
285.2,-nan,-nan
285.3,-nan,-nan
285.4,-nan,-nan
285.5,-nan,-nan
285.6,-nan,-nan
285.7,-nan,-nan
285.8,-nan,-nan
285.9,-nan,-nan
286,-nan,-nan
286.1,-nan,-nan
286.2,-nan,-nan
286.3,-nan,-nan
286.4,-nan,-nan
286.5,-nan,-nan
286.6,-nan,-nan
286.7,-nan,-nan
286.8,-nan,-nan
286.9,-nan,-nan
287,-nan,-nan
287.1,-nan,-nan
287.2,-nan,-nan
287.3,-nan,-nan
287.4,-nan,-nan
287.5,-nan,-nan
287.6,-nan,-nan
287.7,-nan,-nan
287.8,-nan,-nan
287.9,-nan,-nan
288,-nan,-nan
288.1,-nan,-nan
288.2,-nan,-nan
288.3,-nan,-nan
288.4,-nan,-nan
288.5,-nan,-nan
288.6,-nan,-nan
288.7,-nan,-nan
288.8,-nan,-nan
288.9,-nan,-nan
289,-nan,-nan
289.1,-nan,-nan
289.2,-nan,-nan
289.3,-nan,-nan
289.4,-nan,-nan
289.5,-nan,-nan
289.6,-nan,-nan
289.7,-nan,-nan
289.8,-nan,-nan
289.9,-nan,-nan
290,-nan,-nan
290.1,-nan,-nan
290.2,-nan,-nan
290.3,-nan,-nan
290.4,-nan,-nan
290.5,-nan,-nan
290.6,-nan,-nan
290.7,-nan,-nan
290.8,-nan,-nan
290.9,-nan,-nan
291,-nan,-nan
291.1,-nan,-nan
291.2,-nan,-nan
291.3,-nan,-nan
291.4,-nan,-nan
291.5,-nan,-nan
291.6,-nan,-nan
291.7,-nan,-nan
291.8,-nan,-nan
291.9,-nan,-nan
292,-nan,-nan
292.1,-nan,-nan
292.2,-nan,-nan
292.3,-nan,-nan
292.4,-nan,-nan
292.5,-nan,-nan
292.6,-nan,-nan
292.7,-nan,-nan
292.8,-nan,-nan
292.9,-nan,-nan
293,-nan,-nan
293.1,-nan,-nan
293.2,-nan,-nan
293.3,-nan,-nan
293.4,-nan,-nan
293.5,-nan,-nan
293.6,-nan,-nan
293.7,-nan,-nan
293.8,-nan,-nan
293.9,-nan,-nan
294,-nan,-nan
294.1,-nan,-nan
294.2,-nan,-nan
294.3,-nan,-nan
294.4,-nan,-nan
294.5,-nan,-nan
294.6,-nan,-nan
294.7,-nan,-nan
294.8,-nan,-nan
294.9,-nan,-nan
295,-nan,-nan
295.1,-nan,-nan
295.2,-nan,-nan
295.3,-nan,-nan
295.4,-nan,-nan
295.5,-nan,-nan
295.6,-nan,-nan
295.7,-nan,-nan
295.8,-nan,-nan
295.9,-nan,-nan
296,-nan,-nan
296.1,-nan,-nan
296.2,-nan,-nan
296.3,-nan,-nan
296.4,-nan,-nan
296.5,-nan,-nan
296.6,-nan,-nan
296.7,-nan,-nan
296.8,-nan,-nan
296.9,-nan,-nan
297,-nan,-nan
297.1,-nan,-nan
297.2,-nan,-nan
297.3,-nan,-nan
297.4,-nan,-nan
297.5,-nan,-nan
297.6,-nan,-nan
297.7,-nan,-nan
297.8,-nan,-nan
297.9,-nan,-nan
298,-nan,-nan
298.1,-nan,-nan
298.2,-nan,-nan
298.3,-nan,-nan
298.4,-nan,-nan
298.5,-nan,-nan
298.6,-nan,-nan
298.7,-nan,-nan
298.8,-nan,-nan
298.9,-nan,-nan
299,-nan,-nan
299.1,-nan,-nan
299.2,-nan,-nan
299.3,-nan,-nan
299.4,-nan,-nan
299.5,-nan,-nan
299.6,-nan,-nan
299.7,-nan,-nan
299.8,-nan,-nan
299.9,-nan,-nan
300,-nan,-nan
